config,dropout,early_stop,run,seed,acc_treino,acc_teste,epocas,tempo_s
"A: sem dropout, sem early stop",False,False,0,0,0.6079400181770325,0.3736000061035156,100,91.71214962005615
"A: sem dropout, sem early stop",False,False,1,1,0.5708600282669067,0.350600004196167,100,88.98715209960938
"A: sem dropout, sem early stop",False,False,2,2,0.5843200087547302,0.36059999465942383,100,92.6782774925232
"B: sem dropout, com early stop",False,True,0,0,0.4720599949359894,0.414000004529953,21,20.95952844619751
"B: sem dropout, com early stop",False,True,1,1,0.4936000108718872,0.4163999855518341,24,23.933316230773926
"B: sem dropout, com early stop",False,True,2,2,0.4563800096511841,0.4047999978065491,21,20.182748317718506
"C: com dropout, sem early stop",True,False,0,0,0.39542001485824585,0.3711000084877014,100,98.7534122467041
"C: com dropout, sem early stop",True,False,1,1,0.38613998889923096,0.3580000102519989,100,97.64824080467224
"C: com dropout, sem early stop",True,False,2,2,0.40380001068115234,0.3747999966144562,100,101.43365240097046
"D: com dropout, com early stop",True,True,0,0,0.4094200134277344,0.37959998846054077,100,102.78734087944031
"D: com dropout, com early stop",True,True,1,1,0.3806400001049042,0.3614000082015991,72,74.62021112442017
"D: com dropout, com early stop",True,True,2,2,0.4133000075817108,0.388700008392334,100,102.99723172187805
